date,open,high,low,close,volume
2019-11-26,187.0,189.5,187.0,187.60000610351562,74549578
2019-11-27,190.0,195.3000030517578,189.3000030517578,193.1999969482422,53617241
2019-11-28,197.0,204.1999969482422,196.89999389648438,204.0,41816834
2019-11-29,204.0,204.8000030517578,197.5,198.39999389648438,36509531
2019-12-02,198.0,198.89999389648438,194.0,195.5,26592325
2019-12-03,191.6999969482422,194.1999969482422,190.39999389648438,192.60000610351562,19911922
2019-12-04,190.0,191.60000610351562,188.5,189.0,19276308
2019-12-05,191.39999389648438,193.8000030517578,190.89999389648438,192.39999389648438,17932572
2019-12-06,196.10000610351562,198.10000610351562,195.39999389648438,197.5,19205791
2019-12-09,197.0,198.3000030517578,196.0,196.60000610351562,8558132
2019-12-10,195.0,196.5,193.6999969482422,195.39999389648438,6639899
2019-12-11,196.1999969482422,198.39999389648438,195.39999389648438,197.60000610351562,6534411
2019-12-12,199.60000610351562,201.1999969482422,199.60000610351562,200.1999969482422,8825275
2019-12-13,202.8000030517578,203.0,199.39999389648438,202.0,18576570
2019-12-16,201.60000610351562,202.8000030517578,200.0,201.0,6616578
2019-12-17,203.1999969482422,205.8000030517578,202.1999969482422,203.8000030517578,11225195
2019-12-18,203.8000030517578,203.8000030517578,201.60000610351562,202.60000610351562,8179646
2019-12-19,204.0,205.39999389648438,202.60000610351562,204.8000030517578,7525360
2019-12-20,205.0,208.39999389648438,204.8000030517578,207.0,16804751
2019-12-23,209.0,210.1999969482422,207.8000030517578,208.39999389648438,9892858
2019-12-24,209.8000030517578,211.0,209.0,210.39999389648438,7770434
2019-12-27,211.0,213.60000610351562,210.8000030517578,212.8000030517578,10774808
2019-12-30,211.0,212.0,210.39999389648438,210.60000610351562,9970904
2019-12-31,207.8000030517578,208.1999969482422,206.1999969482422,207.1999969482422,8813067
2020-01-02,208.0,211.0,208.0,210.0,9516678
2020-01-03,215.0,215.0,211.1999969482422,212.0,11307103
2020-01-06,211.0,211.8000030517578,209.1999969482422,211.0,11303411
2020-01-07,211.8000030517578,214.0,211.60000610351562,212.60000610351562,11676599
2020-01-08,210.0,211.60000610351562,207.8000030517578,210.8000030517578,15095573
2020-01-09,214.0,215.8000030517578,213.1999969482422,215.60000610351562,12261435
2020-01-10,216.60000610351562,219.0,216.39999389648438,218.0,11860220
2020-01-13,219.8000030517578,224.60000610351562,219.60000610351562,222.8000030517578,17692255
2020-01-14,225.0,227.39999389648438,222.8000030517578,223.60000610351562,16784465
2020-01-15,220.1999969482422,221.60000610351562,218.1999969482422,220.8000030517578,21735164
2020-01-16,219.39999389648438,220.60000610351562,218.60000610351562,219.39999389648438,12993720
2020-01-17,218.8000030517578,221.1999969482422,216.1999969482422,220.39999389648438,21245436
2020-01-20,221.0,222.8000030517578,220.1999969482422,220.1999969482422,11229916
2020-01-21,218.0,219.0,214.60000610351562,215.8000030517578,20241728
2020-01-22,215.8000030517578,219.8000030517578,212.39999389648438,218.39999389648438,14632484
2020-01-23,216.0,216.8000030517578,212.1999969482422,213.39999389648438,16013394
2020-01-24,213.39999389648438,215.39999389648438,211.8000030517578,214.60000610351562,7583855
2020-01-29,205.8000030517578,209.60000610351562,205.60000610351562,207.39999389648438,24946947
2020-01-30,207.1999969482422,207.1999969482422,199.8000030517578,201.8000030517578,26416987
2020-01-31,204.8000030517578,204.8000030517578,199.60000610351562,200.39999389648438,18257747
2020-02-03,201.1999969482422,206.0,200.0,205.0,23784275
2020-02-04,208.39999389648438,214.8000030517578,207.1999969482422,213.1999969482422,25035681
2020-02-05,215.60000610351562,218.60000610351562,214.0,215.60000610351562,23975014
2020-02-06,215.1999969482422,219.1999969482422,213.8000030517578,217.39999389648438,18777127
2020-02-07,215.0,216.1999969482422,214.1999969482422,215.39999389648438,14223318
2020-02-10,211.1999969482422,214.8000030517578,211.1999969482422,212.60000610351562,23432236
2020-02-11,211.8000030517578,213.60000610351562,207.1999969482422,212.1999969482422,29376694
2020-02-12,212.0,215.8000030517578,210.1999969482422,215.0,24402441
2020-02-13,217.39999389648438,218.0,215.0,217.1999969482422,20547490
2020-02-14,214.39999389648438,217.0,213.8000030517578,215.0,15926098
2020-02-17,214.39999389648438,217.8000030517578,213.39999389648438,217.39999389648438,15531105
2020-02-18,215.8000030517578,216.0,213.39999389648438,214.0,13177196
2020-02-19,214.60000610351562,216.8000030517578,214.0,214.0,10179246
2020-02-20,216.8000030517578,216.8000030517578,213.8000030517578,215.60000610351562,12728604
2020-02-21,213.0,214.0,212.0,212.60000610351562,15106823
2020-02-24,206.39999389648438,207.60000610351562,205.0,205.1999969482422,30852998
2020-02-25,203.39999389648438,207.39999389648438,203.0,206.60000610351562,23465654
2020-02-26,201.8000030517578,204.39999389648438,201.0,203.0,29014994
2020-02-27,203.0,205.60000610351562,201.39999389648438,205.1999969482422,23397941
2020-02-28,200.60000610351562,202.0,199.5,200.0,38816951
2020-03-02,201.1999969482422,205.0,200.60000610351562,204.60000610351562,17004513
2020-03-03,206.1999969482422,206.60000610351562,202.39999389648438,203.1999969482422,19156355
2020-03-04,203.0,203.1999969482422,200.60000610351562,202.1999969482422,14553445
2020-03-05,205.1999969482422,208.1999969482422,204.0,207.1999969482422,19343293
2020-03-06,205.0,205.1999969482422,202.8000030517578,203.8000030517578,12734463
2020-03-09,193.5,198.5,193.5,193.5,56936906
2020-03-10,197.0,201.0,193.60000610351562,199.3000030517578,28569375
2020-03-11,200.0,200.39999389648438,196.6999969482422,197.0,17860192
2020-03-12,192.0,192.1999969482422,187.1999969482422,188.8000030517578,41842108
2020-03-13,178.8000030517578,194.0,177.0,191.6999969482422,53292364
2020-03-16,185.0,185.10000610351562,178.0,179.3000030517578,47207430
2020-03-17,182.0,185.89999389648438,175.0,183.1999969482422,36872240
2020-03-18,177.8000030517578,181.8000030517578,172.8000030517578,173.0,58603973
2020-03-19,176.10000610351562,176.5,167.60000610351562,174.0,34599488
2020-03-20,177.0,183.0,177.0,183.0,27899247
2020-03-23,172.5,176.89999389648438,170.0,170.0,37535058
2020-03-24,173.6999969482422,175.0,170.1999969482422,174.5,26729551
2020-03-25,181.0,181.6999969482422,177.8000030517578,179.6999969482422,28012053
2020-03-26,181.0,182.39999389648438,178.3000030517578,180.89999389648438,17816738
2020-03-27,186.0,186.0,182.89999389648438,183.89999389648438,23922455
2020-03-30,180.1999969482422,182.10000610351562,177.5,180.3000030517578,18129547
2020-03-31,185.1999969482422,185.6999969482422,182.6999969482422,183.39999389648438,13598127
2020-04-01,185.39999389648438,187.39999389648438,181.10000610351562,184.0,22814764
2020-04-02,183.1999969482422,186.5,182.1999969482422,186.0,12304930
2020-04-03,183.5,184.89999389648438,182.60000610351562,183.6999969482422,9290512
2020-04-06,186.0,189.6999969482422,185.1999969482422,188.60000610351562,18253609
2020-04-07,191.5,191.6999969482422,188.5,191.5,16381930
2020-04-08,189.39999389648438,191.5,189.0,190.10000610351562,9180063
2020-04-09,191.3000030517578,191.89999389648438,189.3000030517578,191.6999969482422,13161858
2020-04-14,194.0,198.0,194.0,197.0,18233007
2020-04-15,199.0,201.1999969482422,196.8000030517578,197.89999389648438,20722474
2020-04-16,200.0,202.8000030517578,199.89999389648438,202.8000030517578,19818106
2020-04-17,210.0,211.8000030517578,206.1999969482422,207.60000610351562,33397811
2020-04-20,205.39999389648438,207.60000610351562,203.39999389648438,205.8000030517578,22875450
2020-04-21,207.0,207.8000030517578,200.60000610351562,204.1999969482422,17778769
2020-04-22,201.0,206.60000610351562,200.60000610351562,205.60000610351562,12962733
2020-04-23,204.39999389648438,205.1999969482422,202.39999389648438,204.39999389648438,16359183
2020-04-24,198.60000610351562,200.60000610351562,197.3000030517578,198.0,23966198
2020-04-27,198.5,202.39999389648438,198.5,200.60000610351562,13936896
2020-04-28,198.0,199.1999969482422,196.3000030517578,199.0,19944823
2020-04-29,196.5,197.89999389648438,196.5,197.0,14850119
2020-05-04,189.8000030517578,189.89999389648438,188.1999969482422,189.6999969482422,26903568
2020-05-05,187.6999969482422,189.1999969482422,186.89999389648438,188.5,27110375
2020-05-06,189.89999389648438,195.60000610351562,189.5,193.60000610351562,23022901
2020-05-07,189.89999389648438,190.89999389648438,189.5,190.5,20506910
2020-05-08,192.5,194.8000030517578,191.60000610351562,193.39999389648438,17851592
2020-05-11,196.89999389648438,199.5,196.5,198.6999969482422,19839300
2020-05-12,198.89999389648438,199.6999969482422,197.1999969482422,199.6999969482422,14037259
2020-05-13,195.5,197.39999389648438,194.3000030517578,196.3000030517578,26074457
2020-05-14,194.5,195.89999389648438,194.10000610351562,194.5,19248894
2020-05-15,195.0,197.10000610351562,194.10000610351562,196.89999389648438,16672799
2020-05-18,198.3000030517578,203.0,197.39999389648438,203.0,26818890
2020-05-19,210.0,211.8000030517578,205.60000610351562,209.8000030517578,45308325
2020-05-20,211.0,211.60000610351562,208.60000610351562,211.0,22533385
2020-05-21,209.39999389648438,209.60000610351562,205.60000610351562,206.1999969482422,23271613
2020-05-22,205.0,205.0,196.0,198.1999969482422,40226609
2020-05-25,193.6999969482422,199.60000610351562,190.3000030517578,198.1999969482422,40103124
2020-05-26,200.0,203.1999969482422,200.0,201.0,26834881
2020-05-27,198.89999389648438,199.60000610351562,196.10000610351562,197.3000030517578,33136407
2020-05-28,195.39999389648438,196.5,191.5,193.5,30919109
2020-05-29,193.0,196.3000030517578,192.0,194.3000030517578,19459191
2020-06-01,200.0,204.0,200.0,202.8000030517578,26826195
2020-06-02,201.60000610351562,201.8000030517578,199.5,200.0,22818103
2020-06-03,208.0,209.8000030517578,206.8000030517578,209.60000610351562,38794267
2020-06-04,213.0,213.0,207.39999389648438,211.0,22860283
2020-06-05,212.0,213.60000610351562,209.39999389648438,212.1999969482422,22415326
2020-06-08,214.60000610351562,214.60000610351562,210.8000030517578,212.39999389648438,17992461
2020-06-09,212.8000030517578,214.60000610351562,211.60000610351562,212.39999389648438,23063431
2020-06-10,214.1999969482422,216.8000030517578,213.8000030517578,215.60000610351562,19038860
2020-06-11,218.0,220.60000610351562,211.8000030517578,213.0,33036598
2020-06-12,208.1999969482422,214.0,207.39999389648438,212.0,25058536
2020-06-15,209.8000030517578,212.39999389648438,205.39999389648438,206.8000030517578,31716109
2020-06-16,211.1999969482422,214.39999389648438,211.0,213.1999969482422,18039173
2020-06-17,216.0,218.39999389648438,214.1999969482422,217.8000030517578,21385682
2020-06-18,218.8000030517578,218.8000030517578,215.1999969482422,217.8000030517578,16168952
2020-06-19,217.0,219.8000030517578,216.1999969482422,219.0,27295880
2020-06-22,216.1999969482422,216.1999969482422,212.60000610351562,213.0,28166629
2020-06-23,216.0,220.0,212.0,220.0,40290287
2020-06-24,222.8000030517578,224.8000030517578,221.39999389648438,221.39999389648438,30207600
2020-06-26,217.0,217.0,214.39999389648438,214.60000610351562,33158894
2020-06-29,211.0,211.60000610351562,208.60000610351562,209.39999389648438,33824007
2020-06-30,210.60000610351562,212.1999969482422,208.39999389648438,209.60000610351562,24171917
2020-07-02,211.8000030517578,215.0,210.1999969482422,214.39999389648438,31018228
2020-07-03,220.0,221.39999389648438,217.1999969482422,220.8000030517578,31233712
2020-07-06,224.0,226.8000030517578,223.0,225.39999389648438,42489587
2020-07-07,233.1999969482422,239.0,232.0,232.39999389648438,46585757
2020-07-08,231.0,238.60000610351562,231.0,237.8000030517578,31883443
2020-07-09,254.8000030517578,263.79998779296875,252.0,261.6000061035156,61690256
2020-07-10,257.0,262.0,253.0,255.39999389648438,44519242
2020-07-13,254.0,258.3999938964844,251.1999969482422,254.39999389648438,30979669
2020-07-14,244.39999389648438,246.39999389648438,238.39999389648438,240.39999389648438,53646972
2020-07-15,244.0,245.1999969482422,239.0,243.39999389648438,23131222
2020-07-16,242.8000030517578,242.8000030517578,231.60000610351562,233.1999969482422,34282035
2020-07-17,235.39999389648438,240.60000610351562,233.39999389648438,238.8000030517578,20224245
2020-07-20,238.0,241.8000030517578,235.1999969482422,239.60000610351562,11353749
2020-07-21,251.8000030517578,257.6000061035156,250.8000030517578,257.0,45185546
2020-07-22,251.39999389648438,254.8000030517578,247.60000610351562,248.0,36503672
2020-07-23,245.0,248.0,242.0,246.60000610351562,31183903
2020-07-24,244.1999969482422,244.39999389648438,237.1999969482422,239.0,27470849
2020-07-27,240.8000030517578,244.1999969482422,235.60000610351562,239.0,18243796
2020-07-28,244.0,245.60000610351562,242.8000030517578,244.60000610351562,14674368
2020-07-29,242.1999969482422,244.0,241.1999969482422,243.0,10549764
2020-07-30,246.0,249.60000610351562,243.39999389648438,244.8000030517578,21715110
2020-07-31,249.0,249.0,245.0,246.0,14687907
2020-08-03,244.8000030517578,246.60000610351562,243.39999389648438,245.60000610351562,18274346
2020-08-04,250.8000030517578,255.0,250.39999389648438,253.8000030517578,24914559
2020-08-05,255.8000030517578,256.0,252.0,255.8000030517578,18116054
2020-08-06,257.0,257.79998779296875,253.1999969482422,257.0,15966937
2020-08-07,256.0,256.20001220703125,240.60000610351562,249.1999969482422,36237559
2020-08-10,244.8000030517578,244.8000030517578,240.39999389648438,242.39999389648438,26039892
2020-08-11,242.0,246.8000030517578,241.60000610351562,244.0,16702416
2020-08-12,242.1999969482422,244.60000610351562,238.0,243.39999389648438,15796928
2020-08-13,247.8000030517578,251.0,246.1999969482422,248.1999969482422,12489234
2020-08-14,246.1999969482422,248.8000030517578,244.39999389648438,246.8000030517578,12607886
2020-08-17,242.60000610351562,246.60000610351562,241.1999969482422,242.8000030517578,20853111
2020-08-18,249.39999389648438,252.60000610351562,247.60000610351562,252.0,23158760
2020-08-19,252.0,256.0,251.0,255.39999389648438,15227171
2020-08-20,254.0,255.8000030517578,250.39999389648438,255.0,22881516
2020-08-21,251.8000030517578,258.6000061035156,250.60000610351562,252.8000030517578,32079272
2020-08-24,261.0,266.0,259.20001220703125,264.3999938964844,43488850
2020-08-25,270.0,274.3999938964844,266.6000061035156,269.20001220703125,30708120
2020-08-26,279.79998779296875,280.3999938964844,276.79998779296875,280.3999938964844,31949336
2020-08-27,282.6000061035156,284.0,278.0,280.6000061035156,28072548
2020-08-28,277.0,279.6000061035156,275.20001220703125,277.0,29542320
2020-08-31,282.79998779296875,287.6000061035156,281.0,282.79998779296875,26933353
2020-09-01,279.0,285.3999938964844,278.20001220703125,282.79998779296875,24207208
2020-09-02,290.0,292.0,287.3999938964844,291.20001220703125,24662027
2020-09-03,287.79998779296875,289.20001220703125,283.3999938964844,284.20001220703125,28987875
2020-09-04,268.0,275.3999938964844,265.20001220703125,274.0,78861798
2020-09-07,271.20001220703125,274.6000061035156,265.3999938964844,265.6000061035156,47493625
2020-09-08,270.0,271.79998779296875,262.20001220703125,269.6000061035156,27608738
2020-09-09,262.0,264.6000061035156,258.6000061035156,263.20001220703125,27066740
2020-09-10,266.79998779296875,268.0,262.0,262.6000061035156,25531787
2020-09-11,263.3999938964844,267.0,260.79998779296875,266.0,20757663
2020-09-14,266.79998779296875,268.6000061035156,264.0,268.20001220703125,16063671
2020-09-15,268.0,269.6000061035156,266.20001220703125,267.3999938964844,19666515
2020-09-16,269.79998779296875,273.0,269.20001220703125,273.0,20927130
2020-09-17,270.79998779296875,271.6000061035156,265.6000061035156,267.79998779296875,19364862
2020-09-18,266.6000061035156,269.6000061035156,264.3999938964844,269.6000061035156,20935638
2020-09-21,267.0,268.20001220703125,262.0,262.0,20930001
2020-09-22,267.0,267.0,262.3999938964844,264.79998779296875,16372015
2020-09-23,266.79998779296875,269.20001220703125,264.79998779296875,267.0,20296916
2020-09-24,264.0,265.3999938964844,261.0,261.0,16462927
2020-09-25,264.3999938964844,264.3999938964844,255.39999389648438,258.0,15319675
2020-09-28,262.0,264.6000061035156,261.20001220703125,263.3999938964844,11818697
2020-09-29,268.20001220703125,270.0,265.3999938964844,265.3999938964844,16607941
2020-09-30,269.3999938964844,276.0,268.79998779296875,275.6000061035156,35325185
2020-10-05,285.0,285.0,278.6000061035156,282.0,25233089
2020-10-06,279.79998779296875,281.20001220703125,277.3999938964844,280.0,18023022
2020-10-07,283.79998779296875,289.0,282.6000061035156,288.20001220703125,21555736
2020-10-08,289.79998779296875,289.79998779296875,285.20001220703125,289.6000061035156,17175080
2020-10-09,291.0,293.0,283.79998779296875,286.20001220703125,22209544
2020-10-12,288.0,293.0,287.6000061035156,292.0,15212791
2020-10-14,298.0,298.0,294.6000061035156,297.6000061035156,27640402
2020-10-15,290.3999938964844,291.0,284.20001220703125,284.79998779296875,26871063
2020-10-16,290.0,294.0,288.79998779296875,294.0,18581210
2020-10-19,298.20001220703125,299.3999938964844,295.3999938964844,297.20001220703125,19704407
2020-10-20,297.79998779296875,300.3999938964844,296.20001220703125,299.3999938964844,19447954
2020-10-21,301.20001220703125,301.6000061035156,299.20001220703125,300.20001220703125,17439667
2020-10-22,298.6000061035156,301.6000061035156,297.0,300.0,14381076
2020-10-23,297.79998779296875,300.3999938964844,297.0,298.0,15074407
2020-10-27,296.6000061035156,300.6000061035156,294.20001220703125,300.0,18285289
2020-10-28,304.3999938964844,309.3999938964844,304.20001220703125,307.3999938964844,27847200
2020-10-29,300.0,305.6000061035156,299.0,302.6000061035156,24070737
2020-10-30,301.0,303.0,292.6000061035156,293.20001220703125,26853552
2020-11-02,298.3999938964844,298.3999938964844,291.3999938964844,297.79998779296875,18371445
2020-11-03,300.3999938964844,301.6000061035156,299.0,299.79998779296875,17260262
2020-11-04,272.0,282.0,272.0,277.20001220703125,101173866
2020-11-05,285.6000061035156,294.6000061035156,285.6000061035156,294.6000061035156,42593676
2020-11-06,282.79998779296875,289.79998779296875,282.0,282.0,52373045
2020-11-09,291.3999938964844,293.0,289.3999938964844,290.20001220703125,35794135
2020-11-10,283.3999938964844,283.79998779296875,273.0,275.3999938964844,63855746
2020-11-11,255.0,258.79998779296875,248.39999389648438,248.39999389648438,116686276
2020-11-12,257.79998779296875,258.6000061035156,252.1999969482422,253.0,54771508
2020-11-13,258.6000061035156,260.0,252.39999389648438,257.0,42011134
2020-11-16,253.39999389648438,254.60000610351562,245.0,254.0,40495713
2020-11-17,255.0,255.60000610351562,249.8000030517578,249.8000030517578,27731447
2020-11-18,251.0,252.0,247.60000610351562,250.0,21190712
2020-11-19,250.0,250.0,245.0,245.1999969482422,19558960
2020-11-20,251.0,255.0,249.1999969482422,253.0,24969028
2020-11-23,263.20001220703125,266.20001220703125,260.6000061035156,264.0,44892281
2020-11-24,273.0,274.6000061035156,267.79998779296875,270.0,41400443
2020-11-25,274.79998779296875,275.0,264.6000061035156,267.0,27982144
2020-11-26,270.0,271.79998779296875,267.20001220703125,269.0,18539582
2020-11-27,271.0,271.0,267.20001220703125,269.6000061035156,11575149
2020-11-30,264.0,264.79998779296875,258.6000061035156,261.3999938964844,19453729
2020-12-01,256.79998779296875,259.6000061035156,254.60000610351562,257.20001220703125,19622885
2020-12-02,257.0,257.20001220703125,254.0,255.1999969482422,17518631
2020-12-03,255.1999969482422,258.3999938964844,254.60000610351562,257.3999938964844,14374923
2020-12-04,259.0,266.6000061035156,258.3999938964844,264.0,28041474
2020-12-07,261.0,261.20001220703125,255.0,258.0,16021766
2020-12-08,257.0,259.20001220703125,255.39999389648438,258.0,11781749
2020-12-09,262.0,262.79998779296875,259.3999938964844,260.79998779296875,17024320
2020-12-10,255.60000610351562,256.20001220703125,253.0,255.39999389648438,21316945
2020-12-11,259.0,260.6000061035156,257.0,258.3999938964844,12567160
2020-12-14,258.79998779296875,258.79998779296875,250.0,251.60000610351562,22655912
2020-12-15,250.0,250.0,245.0,246.0,27969305
2020-12-16,248.8000030517578,252.39999389648438,246.8000030517578,251.0,16279191
2020-12-17,255.39999389648438,258.0,254.39999389648438,258.0,18134098
2020-12-18,257.3999938964844,257.3999938964844,252.60000610351562,255.60000610351562,23943869
2020-12-21,255.0,255.0,248.39999389648438,250.0,14314027
2020-12-22,252.0,252.1999969482422,247.60000610351562,248.8000030517578,12519867
2020-12-23,249.1999969482422,249.8000030517578,245.1999969482422,248.39999389648438,15189316
2020-12-24,228.60000610351562,228.60000610351562,228.60000610351562,228.60000610351562,0
2020-12-28,219.39999389648438,219.8000030517578,207.1999969482422,210.0,104426789
2020-12-29,216.1999969482422,225.0,216.1999969482422,222.0,42704055
2020-12-30,229.8000030517578,236.39999389648438,229.39999389648438,236.1999969482422,40430776
2020-12-31,232.1999969482422,232.1999969482422,232.1999969482422,232.1999969482422,0
2021-01-04,224.8000030517578,228.60000610351562,223.39999389648438,227.60000610351562,27907724
2021-01-05,220.0,224.1999969482422,219.1999969482422,223.0,35061260
2021-01-06,228.0,232.60000610351562,227.8000030517578,230.0,31462508
2021-01-07,221.0,221.8000030517578,216.39999389648438,221.0,47362360
2021-01-08,223.39999389648438,226.39999389648438,219.60000610351562,224.1999969482422,29880895
2021-01-11,227.1999969482422,230.39999389648438,220.0,221.0,49219037
2021-01-12,221.0,221.0,217.1999969482422,220.0,36773693
2021-01-13,221.60000610351562,225.60000610351562,221.0,223.8000030517578,25521304
2021-01-14,231.8000030517578,235.39999389648438,229.39999389648438,235.0,56102214
2021-01-15,238.0,244.1999969482422,236.1999969482422,241.0,56724043
2021-01-18,238.60000610351562,243.60000610351562,236.60000610351562,242.0,28459710
2021-01-19,245.0,248.8000030517578,242.1999969482422,244.1999969482422,35728468
2021-01-20,245.1999969482422,270.0,244.39999389648438,265.0,105283224
2021-01-21,259.6000061035156,262.6000061035156,255.1999969482422,258.6000061035156,52014003
2021-01-22,252.39999389648438,253.39999389648438,247.1999969482422,250.60000610351562,39959960
2021-01-25,252.60000610351562,262.79998779296875,251.0,258.0,47792619
2021-01-26,255.39999389648438,256.0,252.1999969482422,253.39999389648438,33317774
2021-01-27,261.79998779296875,263.20001220703125,255.1999969482422,260.0,34684877
2021-01-28,252.8000030517578,257.6000061035156,250.39999389648438,251.60000610351562,34740164
2021-01-29,251.60000610351562,254.0,242.0,246.8000030517578,34866053
2021-02-01,246.0,252.0,245.0,251.1999969482422,27611659
2021-02-02,260.0,261.3999938964844,255.8000030517578,260.0,35793652
2021-02-03,249.8000030517578,266.0,247.1999969482422,261.0,58494910
2021-02-04,260.79998779296875,267.3999938964844,257.3999938964844,262.20001220703125,72252607
2021-02-05,259.79998779296875,261.3999938964844,256.3999938964844,258.0,30738742
2021-02-08,259.6000061035156,262.3999938964844,255.39999389648438,256.3999938964844,14861452
2021-02-09,255.8000030517578,257.3999938964844,253.0,255.39999389648438,21534617
2021-02-10,258.6000061035156,263.0,257.3999938964844,262.0,28952395
2021-02-11,261.0,261.0,261.0,261.0,0
2021-02-16,264.79998779296875,266.0,263.20001220703125,264.20001220703125,35490449
2021-02-17,263.3999938964844,269.3999938964844,262.20001220703125,267.0,36931302
2021-02-18,263.3999938964844,263.79998779296875,260.0,260.3999938964844,29507989
2021-02-19,256.0,258.0,252.39999389648438,257.0,27537542
2021-02-22,256.0,256.3999938964844,249.8000030517578,250.60000610351562,30923499
2021-02-23,246.39999389648438,248.8000030517578,243.1999969482422,247.60000610351562,24370829
2021-02-24,247.60000610351562,248.8000030517578,240.0,242.8000030517578,31209824
2021-02-25,243.39999389648438,248.8000030517578,239.1999969482422,243.39999389648438,27601154
2021-02-26,232.8000030517578,234.39999389648438,230.8000030517578,232.39999389648438,42971525
2021-03-01,234.8000030517578,236.60000610351562,232.39999389648438,234.60000610351562,25781049
2021-03-02,234.60000610351562,235.39999389648438,229.0,229.39999389648438,28438280
2021-03-03,229.60000610351562,234.0,227.39999389648438,232.39999389648438,18744515
2021-03-04,231.0,231.1999969482422,227.0,227.1999969482422,17756272
2021-03-05,223.8000030517578,229.8000030517578,221.1999969482422,227.0,26560051
2021-03-08,228.8000030517578,231.60000610351562,220.1999969482422,220.60000610351562,24540546
2021-03-09,224.0,230.0,218.60000610351562,224.0,35249748
2021-03-10,231.0,231.60000610351562,228.0,228.39999389648438,30292760
2021-03-11,229.0,230.39999389648438,226.39999389648438,227.60000610351562,29228815
2021-03-12,233.0,234.39999389648438,225.8000030517578,226.0,34231547
2021-03-15,227.0,227.8000030517578,219.39999389648438,221.39999389648438,33908103
2021-03-16,222.39999389648438,222.60000610351562,220.60000610351562,221.39999389648438,20868000
2021-03-17,221.0,223.39999389648438,219.39999389648438,222.60000610351562,18718973
2021-03-18,226.60000610351562,238.60000610351562,226.39999389648438,233.60000610351562,58621778
2021-03-19,232.0,234.60000610351562,229.60000610351562,234.60000610351562,44914799
2021-03-22,232.39999389648438,234.39999389648438,230.60000610351562,231.1999969482422,14508251
2021-03-23,231.39999389648438,232.8000030517578,228.0,230.0,26218754
2021-03-24,232.60000610351562,233.60000610351562,228.39999389648438,230.0,15811948
2021-03-25,218.60000610351562,222.1999969482422,215.1999969482422,221.0,30783245
2021-03-26,217.8000030517578,218.60000610351562,214.0,216.0,32976932
2021-03-29,216.0,217.60000610351562,214.39999389648438,216.1999969482422,25704513
2021-03-30,224.39999389648438,225.1999969482422,220.8000030517578,221.60000610351562,33848578
2021-03-31,224.0,224.1999969482422,219.8000030517578,220.0,19946806
2021-04-01,223.0,226.1999969482422,220.60000610351562,225.60000610351562,23025316
2021-04-07,224.1999969482422,225.60000610351562,221.39999389648438,222.0,24885227
2021-04-08,221.8000030517578,225.0,220.8000030517578,223.0,25337633
2021-04-09,223.0,223.0,216.8000030517578,218.0,22699587
2021-04-12,230.0,237.60000610351562,226.60000610351562,232.1999969482422,77835113
2021-04-13,240.0,241.60000610351562,232.39999389648438,233.1999969482422,35951883
2021-04-14,236.60000610351562,238.0,235.0,237.8000030517578,21526494
2021-04-15,234.0,234.8000030517578,230.60000610351562,233.8000030517578,20324396
2021-04-16,232.0,237.39999389648438,231.60000610351562,235.60000610351562,31491743
2021-04-19,232.0,234.39999389648438,231.1999969482422,232.0,24351578
2021-04-20,228.39999389648438,228.60000610351562,225.1999969482422,228.1999969482422,19985710
2021-04-21,222.0,222.8000030517578,220.1999969482422,221.8000030517578,21338590
2021-04-22,221.8000030517578,224.39999389648438,220.60000610351562,221.39999389648438,15020535
2021-04-23,223.60000610351562,226.60000610351562,222.8000030517578,224.39999389648438,16197504
2021-04-26,226.0,227.8000030517578,224.39999389648438,224.60000610351562,14207473
2021-04-27,226.0,228.60000610351562,225.39999389648438,226.39999389648438,14100733
2021-04-28,228.8000030517578,232.0,227.0,231.60000610351562,27538276
2021-04-29,233.8000030517578,233.8000030517578,230.39999389648438,231.39999389648438,13445304
2021-04-30,227.0,227.39999389648438,223.39999389648438,225.0,18390472
2021-05-03,225.0,226.8000030517578,222.39999389648438,223.8000030517578,10743054
2021-05-04,223.39999389648438,225.60000610351562,223.0,225.1999969482422,8757722
2021-05-05,221.60000610351562,222.60000610351562,219.39999389648438,220.0,15431071
2021-05-06,220.8000030517578,222.8000030517578,219.60000610351562,221.60000610351562,11577986
2021-05-07,221.0,222.39999389648438,219.0,219.8000030517578,15513681
2021-05-10,219.8000030517578,221.1999969482422,213.0,215.1999969482422,22333260
2021-05-11,210.60000610351562,211.39999389648438,207.0,207.60000610351562,24014630
2021-05-12,215.0,220.8000030517578,214.0,220.1999969482422,31199699
2021-05-13,215.8000030517578,218.0,213.1999969482422,213.1999969482422,18348468
2021-05-14,202.0,205.1999969482422,200.1999969482422,204.60000610351562,52690766
2021-05-17,204.60000610351562,208.8000030517578,203.1999969482422,205.39999389648438,27817583
2021-05-18,207.1999969482422,208.60000610351562,206.60000610351562,207.60000610351562,18530861
2021-05-20,207.0,208.0,204.39999389648438,206.0,30886478
2021-05-21,210.1999969482422,210.60000610351562,206.0,208.0,38645780
2021-05-24,206.0,206.0,204.0,205.0,17159113
2021-05-25,203.60000610351562,207.0,203.39999389648438,206.0,23472797
2021-05-26,207.8000030517578,208.60000610351562,206.39999389648438,207.0,16688924
2021-05-27,205.39999389648438,208.8000030517578,205.0,208.8000030517578,31113636
2021-05-28,208.39999389648438,209.39999389648438,206.60000610351562,207.39999389648438,24377407
2021-05-31,208.39999389648438,211.39999389648438,207.8000030517578,211.0,21707496
2021-06-01,213.60000610351562,219.60000610351562,212.39999389648438,218.1999969482422,38847778
2021-06-02,215.8000030517578,215.8000030517578,212.60000610351562,214.39999389648438,31538468
2021-06-03,213.8000030517578,213.8000030517578,209.60000610351562,210.8000030517578,18209307
2021-06-04,208.8000030517578,213.8000030517578,208.60000610351562,210.1999969482422,39982639
2021-06-07,211.60000610351562,212.60000610351562,209.0,212.0,23713310
2021-06-08,211.8000030517578,212.0,208.8000030517578,210.1999969482422,14131162
2021-06-09,209.1999969482422,210.39999389648438,207.1999969482422,208.0,14721409
2021-06-10,208.8000030517578,211.1999969482422,206.0,207.60000610351562,15353710
2021-06-11,207.8000030517578,208.0,204.39999389648438,205.1999969482422,21751657
2021-06-15,209.60000610351562,209.60000610351562,204.39999389648438,206.39999389648438,16521833
2021-06-16,205.39999389648438,205.39999389648438,203.39999389648438,203.39999389648438,15362004
2021-06-17,202.0,204.0,201.1999969482422,203.8000030517578,12114454
2021-06-18,204.39999389648438,207.60000610351562,203.8000030517578,207.0,26572314
2021-06-21,206.0,207.60000610351562,203.8000030517578,205.39999389648438,14510523
2021-06-22,204.0,204.39999389648438,201.8000030517578,203.0,16162775
2021-06-23,205.0,207.60000610351562,204.1999969482422,207.1999969482422,16558423
2021-06-24,209.60000610351562,212.60000610351562,209.1999969482422,210.1999969482422,16482032
2021-06-25,212.8000030517578,216.39999389648438,211.1999969482422,215.60000610351562,29426102
2021-06-28,220.8000030517578,225.0,219.1999969482422,222.0,23248108
2021-06-29,222.0,222.8000030517578,218.0,219.39999389648438,22735870
2021-06-30,222.0,222.8000030517578,220.0,220.0,17882516
2021-07-02,216.1999969482422,216.1999969482422,210.60000610351562,212.0,27196447
2021-07-05,209.0,209.8000030517578,205.0,206.0,21390710
2021-07-06,205.1999969482422,209.39999389648438,203.60000610351562,209.39999389648438,18506503
2021-07-07,207.0,207.0,204.39999389648438,205.8000030517578,16935600
2021-07-08,202.1999969482422,203.1999969482422,197.0,197.3000030517578,37789548
2021-07-09,195.0,196.60000610351562,189.89999389648438,195.5,35815396
2021-07-12,199.3000030517578,200.8000030517578,195.3000030517578,197.39999389648438,19585720
2021-07-13,199.39999389648438,207.39999389648438,197.60000610351562,205.1999969482422,30179190
2021-07-14,205.1999969482422,206.8000030517578,203.8000030517578,206.39999389648438,25764588
2021-07-15,206.39999389648438,214.1999969482422,206.0,210.60000610351562,45293673
2021-07-16,210.39999389648438,211.60000610351562,207.8000030517578,209.39999389648438,55141154
2021-07-19,205.8000030517578,205.8000030517578,201.8000030517578,202.60000610351562,43294441
2021-07-20,204.0,206.39999389648438,200.39999389648438,202.8000030517578,14790988
2021-07-21,205.60000610351562,206.0,201.39999389648438,203.0,14800334
2021-07-22,205.60000610351562,207.60000610351562,205.39999389648438,207.39999389648438,12066102
2021-07-23,208.8000030517578,208.8000030517578,203.39999389648438,205.1999969482422,11735052
2021-07-26,199.1999969482422,199.1999969482422,192.0,192.10000610351562,43322099
2021-07-27,183.8000030517578,188.5,174.5,179.89999389648438,66752350
2021-07-28,179.5,184.60000610351562,176.1999969482422,183.1999969482422,52598759
2021-07-29,191.8000030517578,197.3000030517578,189.3000030517578,197.3000030517578,57050274
2021-07-30,190.39999389648438,190.6999969482422,185.60000610351562,189.0,26604358
2021-08-02,189.0,193.3000030517578,187.1999969482422,191.89999389648438,24424086
2021-08-03,195.5,195.5,187.1999969482422,193.5,25920558
2021-08-04,191.3000030517578,194.5,186.5,192.3000030517578,23029276
2021-08-05,194.89999389648438,197.60000610351562,191.8000030517578,192.5,21169911
2021-08-06,192.1999969482422,194.3000030517578,190.3000030517578,193.5,15486524
2021-08-09,187.0,191.60000610351562,185.10000610351562,188.6999969482422,28015589
2021-08-10,190.0,192.89999389648438,187.60000610351562,192.89999389648438,17983679
2021-08-11,190.60000610351562,192.39999389648438,188.39999389648438,191.1999969482422,13796247
2021-08-12,190.0,190.8000030517578,186.39999389648438,188.6999969482422,14517317
2021-08-13,185.5,185.8000030517578,181.5,184.0,21527678
2021-08-16,183.89999389648438,183.89999389648438,179.60000610351562,180.39999389648438,19542473
2021-08-17,177.89999389648438,178.89999389648438,171.0,171.8000030517578,42641139
2021-08-18,170.0,172.6999969482422,169.39999389648438,171.60000610351562,23291029
2021-08-19,168.60000610351562,169.39999389648438,160.3000030517578,162.10000610351562,45396323
2021-08-20,158.10000610351562,160.6999969482422,155.10000610351562,157.89999389648438,54863086
2021-08-23,155.89999389648438,160.0,151.1999969482422,152.10000610351562,69681080
2021-08-24,156.8000030517578,166.60000610351562,156.3000030517578,166.5,52107427
2021-08-25,170.8000030517578,172.3000030517578,162.39999389648438,164.10000610351562,53797802
2021-08-26,164.3000030517578,165.89999389648438,160.10000610351562,162.1999969482422,25997432
2021-08-27,160.6999969482422,163.10000610351562,153.6999969482422,155.89999389648438,51566566
2021-08-30,155.89999389648438,160.10000610351562,154.3000030517578,158.1999969482422,33016759
2021-08-31,158.5,165.5,154.6999969482422,165.5,49830778
2021-09-01,163.5,167.60000610351562,161.6999969482422,165.1999969482422,36318509
2021-09-02,170.0,171.89999389648438,167.60000610351562,171.0,32232099
2021-09-03,168.39999389648438,168.5,164.0,164.89999389648438,48210742
2021-09-06,164.5,168.0,163.8000030517578,168.0,24264531
2021-09-07,168.39999389648438,171.8000030517578,168.3000030517578,170.0,24179489
2021-09-08,170.0,173.39999389648438,169.3000030517578,170.89999389648438,24995877
2021-09-09,165.0,166.10000610351562,160.3000030517578,161.0,28379942
2021-09-10,163.6999969482422,168.1999969482422,163.39999389648438,167.89999389648438,27766697
2021-09-13,161.5,163.0,156.89999389648438,160.8000030517578,25905101
2021-09-14,160.39999389648438,162.10000610351562,156.39999389648438,158.3000030517578,22361537
2021-09-15,155.5,156.89999389648438,153.60000610351562,154.0,28239189
2021-09-16,153.60000610351562,153.89999389648438,149.10000610351562,151.5,33935111
2021-09-17,150.60000610351562,155.6999969482422,150.1999969482422,154.89999389648438,30179321
2021-09-20,154.1999969482422,154.3000030517578,150.6999969482422,151.5,17981515
2021-09-21,146.0,149.5,145.5,148.6999969482422,23944111
2021-09-23,148.0,150.8000030517578,146.39999389648438,148.39999389648438,32529431
2021-09-24,146.6999969482422,148.3000030517578,143.8000030517578,144.3000030517578,30354881
2021-09-27,142.1999969482422,145.5,141.1999969482422,141.89999389648438,31609172
2021-09-28,145.39999389648438,153.0,144.5,150.89999389648438,42597994
2021-09-29,148.3000030517578,149.3000030517578,145.5,148.3000030517578,24903515
2021-09-30,144.89999389648438,144.89999389648438,141.0,142.1999969482422,38043224
2021-10-04,143.5,143.5,136.39999389648438,137.0,41840351
2021-10-05,132.0,135.89999389648438,132.0,135.3000030517578,30437300
2021-10-06,138.60000610351562,139.1999969482422,135.6999969482422,137.3000030517578,18712471
2021-10-07,141.3000030517578,147.8000030517578,141.10000610351562,147.3000030517578,32227036
2021-10-08,154.39999389648438,155.5,150.8000030517578,155.5,55270783
2021-10-11,163.0,170.5,162.0,167.8000030517578,87174082
2021-10-12,160.1999969482422,163.0,159.0,161.3000030517578,51876960
2021-10-15,161.3000030517578,162.1999969482422,158.8000030517578,161.8000030517578,41251499
2021-10-18,162.5,162.89999389648438,159.89999389648438,162.89999389648438,20485496
2021-10-19,162.6999969482422,165.89999389648438,162.1999969482422,164.8000030517578,22621183
2021-10-20,172.60000610351562,179.89999389648438,171.0,175.8000030517578,73819843
2021-10-21,173.0,175.5,170.5,173.89999389648438,39498418
2021-10-22,172.60000610351562,175.0,171.3000030517578,174.39999389648438,24304039
2021-10-25,174.39999389648438,176.8000030517578,173.3000030517578,174.0,22993063
2021-10-26,173.0,173.0,168.10000610351562,169.5,27007684
2021-10-27,165.3000030517578,165.60000610351562,163.3000030517578,164.5,25552560
2021-10-28,166.89999389648438,169.10000610351562,165.0,165.1999969482422,26244370
2021-10-29,165.0,166.1999969482422,162.5,163.0,24508214
2021-11-01,161.10000610351562,161.1999969482422,158.0,159.5,20955824
2021-11-02,166.1999969482422,166.89999389648438,160.10000610351562,161.60000610351562,28075255
2021-11-03,159.89999389648438,161.0,156.60000610351562,160.60000610351562,20797548
2021-11-04,162.89999389648438,165.60000610351562,162.0,165.60000610351562,23357978
2021-11-05,162.0,162.0,158.39999389648438,159.89999389648438,26167989
2021-11-08,156.10000610351562,157.6999969482422,154.6999969482422,157.3000030517578,25006375
2021-11-09,160.3000030517578,161.1999969482422,156.8000030517578,157.10000610351562,16113085
2021-11-10,157.60000610351562,161.60000610351562,155.6999969482422,161.1999969482422,17191925
2021-11-11,158.0,164.1999969482422,157.60000610351562,163.1999969482422,23548938
2021-11-12,164.8000030517578,165.6999969482422,159.0,162.39999389648438,24265602
2021-11-15,163.3000030517578,164.1999969482422,159.60000610351562,161.5,19121584
2021-11-16,162.0,166.0,161.5,165.1999969482422,19860348
2021-11-17,164.89999389648438,165.10000610351562,163.1999969482422,164.8000030517578,16275917
2021-11-18,158.1999969482422,158.89999389648438,155.3000030517578,156.0,39030221
2021-11-19,140.0,142.1999969482422,139.1999969482422,139.3000030517578,106644709
2021-11-22,139.0,139.6999969482422,137.10000610351562,137.10000610351562,42684873
2021-11-23,133.0,133.8000030517578,132.5,133.0,46352819
2021-11-24,131.0,134.8000030517578,130.6999969482422,131.8000030517578,44830998
2021-11-25,132.0,135.89999389648438,132.0,135.39999389648438,23796814
2021-11-26,133.1999969482422,133.89999389648438,129.10000610351562,129.10000610351562,37945230
2021-11-29,133.0,133.1999969482422,129.8000030517578,130.0,29532407
2021-11-30,129.5,130.10000610351562,123.5999984741211,127.30000305175781,61241018
2021-12-01,125.0,127.0,124.19999694824219,125.69999694824219,42728524
2021-12-02,120.30000305175781,123.69999694824219,120.0999984741211,122.5999984741211,63847691
2021-12-03,120.5,120.5,116.0,119.4000015258789,84752440
2021-12-06,109.9000015258789,114.19999694824219,109.5,112.69999694824219,105384522
2021-12-07,122.0,126.69999694824219,120.69999694824219,126.5,82401598
2021-12-08,122.69999694824219,123.0,119.19999694824219,120.5999984741211,61244054
2021-12-09,122.5999984741211,124.30000305175781,122.0999984741211,123.4000015258789,35851860
2021-12-10,122.30000305175781,123.19999694824219,120.30000305175781,121.19999694824219,41285795
2021-12-13,124.80000305175781,126.69999694824219,120.80000305175781,121.0999984741211,41769452
2021-12-14,121.0,121.0,117.80000305175781,118.69999694824219,32130092
2021-12-15,122.19999694824219,123.80000305175781,120.0,121.0,35292960
2021-12-16,119.4000015258789,121.30000305175781,117.0,120.69999694824219,37563320
2021-12-17,118.0,118.30000305175781,115.4000015258789,117.0,49369280
2021-12-20,118.19999694824219,118.9000015258789,114.30000305175781,114.5,33663120
2021-12-21,112.5999984741211,115.5,112.0,113.9000015258789,37940314
2021-12-22,119.9000015258789,119.9000015258789,113.0999984741211,114.9000015258789,45188386
2021-12-23,114.9000015258789,115.5999984741211,113.0,113.30000305175781,25067293
2021-12-24,113.0,113.0,113.0,113.0,0
2021-12-28,113.30000305175781,114.19999694824219,112.30000305175781,113.5,22985751
2021-12-29,112.30000305175781,112.30000305175781,110.0999984741211,110.5999984741211,19990686
2021-12-30,110.0,112.19999694824219,109.19999694824219,109.9000015258789,23838394
2021-12-31,119.5,120.30000305175781,118.0999984741211,118.9000015258789,31837667
2022-01-03,117.0,117.5,114.0,115.0,22176946
2022-01-04,118.4000015258789,118.9000015258789,115.69999694824219,116.9000015258789,23228903
2022-01-05,119.0,119.0999984741211,113.9000015258789,114.5,30717509
2022-01-06,117.5,121.0999984741211,117.30000305175781,121.0,47231895
2022-01-07,126.5,128.8000030517578,122.80000305175781,128.8000030517578,58778943
2022-01-10,128.8000030517578,129.5,125.4000015258789,127.5999984741211,36814976
2022-01-11,125.0,126.5,123.9000015258789,125.5999984741211,31659059
2022-01-12,128.60000610351562,133.10000610351562,128.39999389648438,133.0,44483108
2022-01-13,135.0,135.0,130.39999389648438,132.1999969482422,36032047
2022-01-14,126.9000015258789,129.3000030517578,126.5999984741211,129.3000030517578,28235556
2022-01-17,129.3000030517578,130.10000610351562,127.4000015258789,128.5,23534494
2022-01-18,129.1999969482422,130.89999389648438,125.4000015258789,126.4000015258789,23468279
2022-01-19,126.19999694824219,127.30000305175781,123.5,124.19999694824219,29730153
2022-01-20,125.0,132.5,125.0,131.5,44796183
2022-01-21,126.0999984741211,127.5,124.0,127.0999984741211,61817387
2022-01-24,122.0,122.0,118.69999694824219,119.0999984741211,54758602
2022-01-25,116.4000015258789,118.80000305175781,115.0999984741211,116.80000305175781,41283512
2022-01-26,116.30000305175781,118.69999694824219,114.0999984741211,116.9000015258789,35353738
2022-01-27,110.5,111.9000015258789,108.0,108.5,75467681
2022-01-28,110.0,111.5,108.5999984741211,110.0,43809950
2022-01-31,114.69999694824219,114.69999694824219,114.69999694824219,114.69999694824219,0
2022-02-04,120.0,120.80000305175781,118.4000015258789,120.4000015258789,43293069
2022-02-07,117.4000015258789,118.69999694824219,113.5999984741211,115.0,54757312
2022-02-08,112.5999984741211,113.5,110.5999984741211,111.19999694824219,41696354
2022-02-09,118.0,119.4000015258789,117.0,118.80000305175781,44480636
2022-02-10,123.0,123.0,119.4000015258789,122.19999694824219,32353947
2022-02-11,120.4000015258789,122.9000015258789,120.0,122.4000015258789,24203787
2022-02-14,119.0,119.9000015258789,118.19999694824219,118.69999694824219,19512374
2022-02-15,118.0,120.0,117.4000015258789,118.4000015258789,16132479
2022-02-16,122.4000015258789,123.0,121.0999984741211,122.5,20308833
2022-02-17,122.0,123.30000305175781,120.9000015258789,123.0,18965828
2022-02-18,122.5999984741211,124.0,118.69999694824219,119.5,36059936
2022-02-21,115.80000305175781,117.0999984741211,114.0,114.9000015258789,36333556
2022-02-22,109.0,111.9000015258789,108.80000305175781,111.4000015258789,43059975
2022-02-23,110.0,113.30000305175781,110.0,112.4000015258789,27244901
2022-02-24,107.5,108.4000015258789,103.5999984741211,104.9000015258789,64889871
2022-02-25,107.4000015258789,108.19999694824219,104.9000015258789,105.30000305175781,42605788
2022-02-28,103.30000305175781,104.19999694824219,100.69999694824219,104.19999694824219,56081193
2022-03-01,102.19999694824219,104.80000305175781,101.9000015258789,103.80000305175781,30377847
2022-03-02,103.9000015258789,106.5999984741211,103.9000015258789,103.9000015258789,32172998
2022-03-03,103.5,104.5,103.0,104.4000015258789,23582886
2022-03-04,98.19999694824219,100.19999694824219,98.19999694824219,99.0,67845622
2022-03-07,96.25,98.0,93.4000015258789,96.0,59539428
2022-03-08,97.55000305175781,99.94999694824219,95.80000305175781,96.9000015258789,49195657
2022-03-09,96.9000015258789,97.3499984741211,92.5999984741211,96.25,60560894
2022-03-10,99.69999694824219,99.69999694824219,94.4000015258789,96.0999984741211,46922499
2022-03-11,90.55000305175781,92.1500015258789,88.05000305175781,90.80000305175781,74997978
2022-03-14,86.1500015258789,86.5999984741211,80.25,80.9000015258789,99109140
2022-03-15,73.80000305175781,79.3499984741211,71.0,71.25,166892058
2022-03-16,74.5,91.05000305175781,73.69999694824219,90.69999694824219,159307067
2022-03-17,104.0,104.0,95.30000305175781,102.0,147199025
2022-03-18,97.1500015258789,100.19999694824219,95.0,98.3499984741211,69216323
2022-03-21,104.80000305175781,104.80000305175781,97.25,99.0999984741211,78145126
2022-03-22,102.30000305175781,111.4000015258789,102.0999984741211,110.19999694824219,82216795
2022-03-23,114.5999984741211,119.4000015258789,112.5,117.5999984741211,109736384
2022-03-24,116.4000015258789,119.0,113.5,113.80000305175781,56175392
2022-03-25,111.4000015258789,113.5,104.80000305175781,107.4000015258789,59754137
2022-03-28,107.4000015258789,113.5,106.0999984741211,111.0999984741211,35856686
2022-03-29,112.69999694824219,114.80000305175781,112.19999694824219,113.5,28129247
2022-03-30,115.0,115.69999694824219,112.5999984741211,113.9000015258789,43050119
2022-03-31,114.9000015258789,114.9000015258789,109.69999694824219,112.0999984741211,26780152
2022-04-01,106.80000305175781,109.69999694824219,105.69999694824219,109.69999694824219,38709405
2022-04-04,110.5999984741211,114.5999984741211,110.0,113.69999694824219,41875311
2022-04-06,109.0999984741211,109.80000305175781,107.0999984741211,107.5999984741211,46638063
2022-04-07,106.4000015258789,108.9000015258789,105.19999694824219,105.19999694824219,35575706
2022-04-08,102.80000305175781,103.80000305175781,101.5,103.80000305175781,38153586
2022-04-11,102.80000305175781,103.0,97.8499984741211,98.5,40131164
2022-04-12,98.5,100.5999984741211,96.3499984741211,99.0,39683531
2022-04-13,98.4000015258789,99.5,97.0,98.5,24650087
2022-04-14,97.6500015258789,98.0,93.8499984741211,95.5,52348941
2022-04-19,92.55000305175781,93.44999694824219,90.9000015258789,91.5,34060706
2022-04-20,91.0999984741211,92.94999694824219,90.30000305175781,90.69999694824219,24190299
2022-04-21,88.75,89.69999694824219,86.5,87.9000015258789,37481397
2022-04-22,83.5,87.3499984741211,83.4000015258789,86.6500015258789,33414007
2022-04-25,84.80000305175781,84.94999694824219,81.19999694824219,81.8499984741211,43001305
2022-04-26,84.5,87.9000015258789,83.75,84.9000015258789,38304821
2022-04-27,84.3499984741211,85.44999694824219,83.0,84.55000305175781,27917828
2022-04-28,88.0,88.55000305175781,86.30000305175781,88.25,40675166
2022-04-29,88.25,103.80000305175781,87.1500015258789,102.0999984741211,102134425
2022-05-03,100.0,103.0999984741211,92.5,100.30000305175781,103238870
2022-05-04,98.5,98.55000305175781,95.8499984741211,96.55000305175781,29177225
2022-05-05,99.5,101.0999984741211,96.19999694824219,96.69999694824219,27991225
2022-05-06,92.05000305175781,92.8499984741211,89.30000305175781,90.3499984741211,50887668
2022-05-10,83.5,87.19999694824219,83.1500015258789,86.0,64139439
2022-05-11,83.69999694824219,87.94999694824219,83.5999984741211,85.6500015258789,63211009
2022-05-12,81.8499984741211,82.55000305175781,79.9000015258789,80.0,69966835
2022-05-13,82.19999694824219,82.8499984741211,81.25,82.19999694824219,53688518
2022-05-16,86.0,86.25,83.0999984741211,84.5999984741211,37186669
2022-05-17,87.5,91.80000305175781,86.6500015258789,90.55000305175781,65364000
2022-05-18,90.55000305175781,90.55000305175781,87.80000305175781,90.0,40887159
2022-05-19,85.0,85.4000015258789,82.75,83.3499984741211,63967045
2022-05-20,86.30000305175781,88.80000305175781,85.5999984741211,88.05000305175781,37411832
2022-05-23,86.19999694824219,86.55000305175781,83.8499984741211,85.0999984741211,48116001
2022-05-24,84.80000305175781,86.30000305175781,82.9000015258789,83.5999984741211,41592157
2022-05-25,82.0,84.1500015258789,81.3499984741211,82.3499984741211,39360501
2022-05-26,82.0,82.0,79.6500015258789,81.0999984741211,44520428
2022-05-27,91.0,92.4000015258789,89.8499984741211,91.0,94943603
2022-05-30,91.69999694824219,94.9000015258789,91.30000305175781,94.9000015258789,58244941
2022-05-31,94.5999984741211,97.5,93.0999984741211,96.25,87590516
2022-06-01,96.0,96.19999694824219,94.0,94.5999984741211,34758451
2022-06-02,91.75,93.0,91.0,92.30000305175781,38921083
2022-06-06,92.8499984741211,98.5999984741211,91.25,96.94999694824219,61560025
2022-06-07,96.94999694824219,101.80000305175781,96.1500015258789,98.80000305175781,88847430
2022-06-08,103.4000015258789,110.4000015258789,102.5,108.80000305175781,116293353
2022-06-09,116.19999694824219,116.30000305175781,108.0999984741211,111.30000305175781,113806634
2022-06-10,107.5999984741211,116.0,107.0,112.80000305175781,107826465
2022-06-13,106.19999694824219,108.4000015258789,103.5,103.80000305175781,85883479
2022-06-14,98.25,102.4000015258789,97.19999694824219,101.19999694824219,79243938
2022-06-15,105.0,106.69999694824219,104.30000305175781,105.5999984741211,62840727